{"cameraMode":{"drawMode":0,"name":"Shaded","section":"Shading Mode"},"sceneLighting":true,"audioPlay":false,"sceneViewState":{"m_AlwaysRefresh":false,"showFog":true,"showSkybox":true,"showFlares":true,"showImageEffects":true,"showParticleSystems":true,"showVisualEffectGraphs":true,"m_FxEnabled":true},"in2DMode":false,"pivot":{"x":-11.07597541809082,"y":-0.7620508670806885,"z":4.845418930053711},"rotation":{"x":-0.07193645089864731,"y":0.0062797656282782558,"z":-0.00045303849037736654,"w":-0.9973906874656677},"size":11.258434295654297,"orthographic":true}